"","ID_IPEDS","year","degree_bach","public","enroll_futg","grant_state","grant_federal","netprice"
"1",219505,2010,TRUE,FALSE,8,1000,19625,17185
"2",219578,2010,TRUE,FALSE,17,55500,52356,18214
"3",219587,2010,FALSE,FALSE,56,0,178068,13905
"4",219596,2010,FALSE,TRUE,252,387359,449860,3062
"5",219602,2010,TRUE,TRUE,1478,4688179,3670314,10296
"6",219639,2010,TRUE,FALSE,53,181500,90417,15105
"7",219709,2010,TRUE,FALSE,1015,1355500,844190,27285
"8",219718,2010,TRUE,FALSE,421,564875,538911,15846
"9",219790,2010,TRUE,FALSE,233,680400,575528,15337
"10",219806,2010,TRUE,FALSE,427,1392763,1031328,14191
"11",219824,2010,FALSE,TRUE,1418,1052264,4232248,7505
"12",219833,2010,TRUE,FALSE,288,1257500,711982,9735
"13",219879,2010,FALSE,TRUE,645,735063,1848675,5697
"14",219888,2010,FALSE,TRUE,892,1183706,2080610,6264
"15",219903,2010,FALSE,FALSE,1103,294726,3705768,19317
"16",219921,2010,FALSE,TRUE,172,325357,746421,5669
"17",219949,2010,TRUE,FALSE,163,582000,300840,15022
"18",219976,2010,TRUE,FALSE,668,1704727,1161924,20240
"19",219994,2010,FALSE,TRUE,476,567407,819298,9765
"20",220002,2010,TRUE,FALSE,208,32004,508992,24956
"21",220057,2010,FALSE,TRUE,726,582391,2316297,8561
"22",220075,2010,TRUE,TRUE,2053,6481501,4880692,13537
"23",220118,2010,FALSE,FALSE,64,10080,308948,17972
"24",220127,2010,FALSE,TRUE,795,582333,1353588,9415
"25",220163,2010,FALSE,FALSE,34,0,75583,10493
"26",220181,2010,TRUE,FALSE,194,219500,589785,18718
"27",220206,2010,TRUE,FALSE,44,60000,65060,15304
"28",220215,2010,TRUE,FALSE,371,985300,829424,16821
"29",220251,2010,FALSE,TRUE,341,386688,749483,9727
"30",220279,2010,FALSE,TRUE,317,298224,429325,6487
"31",220312,2010,TRUE,FALSE,57,62425,179518,13719
"32",220321,2010,FALSE,TRUE,471,398170,564507,11139
"33",220394,2010,FALSE,TRUE,83,101039,389950,8139
"34",220400,2010,FALSE,TRUE,1013,998248,3334073,9959
"35",220464,2010,FALSE,FALSE,19,15745,30470,14822
"36",220473,2010,TRUE,FALSE,157,291819,360206,12887
"37",220491,2010,FALSE,FALSE,190,0,586754,12992
"38",220516,2010,TRUE,FALSE,227,471750,527333,17158
"39",220552,2010,TRUE,FALSE,299,455555,1314754,25127
"40",220598,2010,TRUE,FALSE,696,802452,3714363,9091
"41",220604,2010,TRUE,FALSE,207,137820,468001,11338
"42",220613,2010,TRUE,FALSE,851,1616339,1608577,11620
"43",220631,2010,TRUE,FALSE,327,1228244,892842,12764
"44",220640,2010,FALSE,TRUE,280,299624,583280,4724
"45",220701,2010,TRUE,FALSE,263,101391,67633,28324
"46",220710,2010,TRUE,FALSE,277,1016100,730442,16425
"47",220756,2010,FALSE,TRUE,233,387495,470545,7667
"48",220765,2010,FALSE,FALSE,459,12818,1190132,10114
"49",220808,2010,TRUE,FALSE,76,108375,216843,21710
"50",220853,2010,FALSE,TRUE,659,598000,2464685,7090
"51",220862,2010,TRUE,TRUE,2386,8145587,6714124,10111
"52",220978,2010,TRUE,TRUE,3793,14213904,9647451,9148
"53",221050,2010,FALSE,TRUE,463,558674,639222,7561
"54",221096,2010,FALSE,TRUE,1009,959406,2246656,7686
"55",221102,2010,FALSE,TRUE,457,431680,657663,11796
"56",221148,2010,FALSE,FALSE,1639,19000,5053253,12689
"57",221157,2010,FALSE,FALSE,186,6000,656016,21864
"58",221184,2010,FALSE,TRUE,889,439323,2743702,5462
"59",221236,2010,FALSE,TRUE,181,356950,881350,491
"60",221254,2010,TRUE,FALSE,29,93250,69750,22370
"61",221281,2010,FALSE,TRUE,363,104890,1578732,6479
"62",221333,2010,FALSE,TRUE,328,488482,1091020,9535
"63",221351,2010,TRUE,FALSE,499,631250,495013,25540
"64",221388,2010,FALSE,TRUE,147,5493,461279,7527
"65",221397,2010,FALSE,TRUE,1217,1630837,3437324,8036
"66",221430,2010,FALSE,TRUE,294,469800,869852,4633
"67",221485,2010,FALSE,TRUE,1798,772382,6203854,3531
"68",221494,2010,FALSE,TRUE,531,535598,508572,7298
"69",221519,2010,TRUE,FALSE,401,439470,371880,23851
"70",221582,2010,FALSE,TRUE,336,323161,887243,5688
"71",221591,2010,FALSE,TRUE,147,246829,664096,7768
"72",221607,2010,FALSE,TRUE,189,218758,422584,7230
"73",221616,2010,FALSE,TRUE,641,1211888,2416556,5477
"74",221625,2010,FALSE,TRUE,650,656347,980558,5494
"75",221634,2010,FALSE,TRUE,209,26400,1005942,11274
"76",221643,2010,FALSE,TRUE,1762,1481376,4157443,9822
"77",221661,2010,TRUE,FALSE,613,426454,1065696,19376
"78",221731,2010,TRUE,FALSE,218,887527,609257,11585
"79",221740,2010,TRUE,TRUE,1940,7708992,3487620,12730
"80",221759,2010,TRUE,TRUE,4199,16829052,6159151,13758
"81",221768,2010,TRUE,TRUE,1275,5266099,3488456,7773
"82",221795,2010,TRUE,FALSE,69,16000,175000,27756
"83",221829,2010,FALSE,FALSE,172,0,181006,8310
"84",221838,2010,TRUE,TRUE,1291,2069288,5662818,6624
"85",221847,2010,TRUE,TRUE,1899,7839909,3762762,11308
"86",221892,2010,TRUE,FALSE,241,497000,561572,16038
"87",221908,2010,FALSE,TRUE,1140,1085461,3364568,7167
"88",221953,2010,TRUE,FALSE,370,1069127,1411942,15689
"89",221971,2010,TRUE,FALSE,489,1431662,941550,23727
"90",221999,2010,TRUE,FALSE,1600,1122384,2204907,18993
"91",222026,2010,FALSE,FALSE,74,0,249996,8692
"92",222053,2010,FALSE,TRUE,1414,1456974,3827036,6417
"93",222062,2010,FALSE,TRUE,1415,1885322,3732574,4508
"94",222099,2010,FALSE,FALSE,406,47200,1222220,9087
"95",222105,2010,FALSE,FALSE,22,0,29612,11612
"96",246202,2010,FALSE,FALSE,348,6500,1179023,21055
"97",248660,2010,FALSE,FALSE,39,0,126013,8075
"98",248925,2010,FALSE,TRUE,599,1030453,2056822,7993
"99",368443,2010,TRUE,FALSE,199,27322,1016927,26342
"100",368452,2010,TRUE,FALSE,115,7000,182607,16584
"101",376631,2010,FALSE,FALSE,25,0,80440,9671
"102",376677,2010,FALSE,FALSE,124,38195,573775,5442
"103",382771,2010,FALSE,FALSE,93,0,377548,14928
"104",382780,2010,FALSE,FALSE,289,0,966183,6553
"105",388043,2010,FALSE,FALSE,36,31373,169205,14528
"106",392798,2010,FALSE,FALSE,28,0,105409,7680
"107",392840,2010,TRUE,FALSE,49,131000,166526,17995
"108",404718,2010,FALSE,FALSE,113,0,365533,7170
"109",412599,2010,TRUE,FALSE,300,55171,1421007,20682
"110",416670,2010,FALSE,FALSE,98,0,315744,10506
"111",417789,2010,FALSE,FALSE,131,0,684500,9582
"112",418870,2010,FALSE,FALSE,198,4500,444185,20443
"113",418889,2010,FALSE,FALSE,74,118528,198673,22577
"114",428073,2010,FALSE,FALSE,19,0,82500,905
"115",440873,2010,FALSE,FALSE,92,5066,474950,15531
"116",443340,2010,TRUE,FALSE,83,0,345333,24549
"117",443359,2010,FALSE,FALSE,115,0,338823,16137
"118",443650,2010,FALSE,FALSE,29,0,124076,16207
"119",443766,2010,TRUE,FALSE,6,0,11837,27733
"120",444255,2010,TRUE,FALSE,315,57859,1234537,24978
"121",444468,2010,FALSE,FALSE,16,0,59213,8500
"122",445249,2010,FALSE,FALSE,137,27463,578180,21309
"123",446075,2010,FALSE,FALSE,26,9875,110059,4664
"124",446525,2010,FALSE,FALSE,182,12669,448758,29349
"125",448150,2010,FALSE,FALSE,101,0,375356,6915
"126",448664,2010,FALSE,FALSE,92,0,384968,14224
"127",449010,2010,TRUE,FALSE,255,323931,959949,31478
"128",449764,2010,TRUE,FALSE,39,0,84735,21319
"129",450289,2010,TRUE,FALSE,94,2667,486013,19701
"130",450535,2010,TRUE,FALSE,10,0,37576,20613
"131",451529,2010,FALSE,FALSE,42,0,132517,7742
"132",451538,2010,FALSE,FALSE,107,0,593850,6316
"133",451918,2010,FALSE,FALSE,129,0,335586,14406
"134",452124,2010,FALSE,FALSE,194,91278,404337,20118
"135",455567,2010,FALSE,FALSE,45,1334,180475,21455
"136",456029,2010,FALSE,FALSE,92,0,133431,15716
"137",456940,2010,FALSE,FALSE,58,2000,223042,18405
"138",458007,2010,FALSE,FALSE,78,0,270602,5595
"139",458803,2010,FALSE,FALSE,68,0,332337,11312
"140",458812,2010,FALSE,FALSE,43,0,170183,10914
"141",458821,2010,FALSE,FALSE,61,0,317690,11378
"142",459000,2010,FALSE,FALSE,68,0,362334,10728
"143",459073,2010,FALSE,FALSE,44,0,213941,11120
"144",219505,2011,TRUE,FALSE,14,0,43180,13016
"145",219578,2011,TRUE,FALSE,20,75838,37684,20137
"146",219587,2011,FALSE,FALSE,48,0,147881,13927
"147",219596,2011,FALSE,TRUE,265,343617,444772,5285
"148",219602,2011,TRUE,TRUE,1274,4411304,3289496,10985
"149",219639,2011,TRUE,FALSE,35,146250,50905,14075
"150",219709,2011,TRUE,FALSE,1153,1549250,826410,28870
"151",219718,2011,TRUE,FALSE,804,664900,667720,17142
"152",219790,2011,TRUE,FALSE,234,666250,461698,15546
"153",219806,2011,TRUE,FALSE,445,1484875,816613,16047
"154",219824,2011,FALSE,TRUE,1158,968205,3325905,7302
"155",219833,2011,TRUE,FALSE,306,1122125,723519,13748
"156",219879,2011,FALSE,TRUE,746,950328,2065283,5372
"157",219888,2011,FALSE,TRUE,883,1177082,2067386,6607
"158",219903,2011,FALSE,FALSE,1123,188996,4414782,19128
"159",219921,2011,FALSE,TRUE,134,239159,555180,6382
"160",219949,2011,TRUE,FALSE,191,621750,334918,16395
"161",219976,2011,TRUE,FALSE,629,1578344,783585,21085
"162",219994,2011,FALSE,TRUE,400,438566,499110,9688
"163",220002,2011,TRUE,FALSE,26,1000,124166,23839
"164",220057,2011,FALSE,TRUE,615,684411,1864800,9009
"165",220075,2011,TRUE,TRUE,2105,7233244,4659319,14688
"166",220118,2011,FALSE,FALSE,57,9000,175450,19222
"167",220127,2011,FALSE,TRUE,843,721531,1264821,5401
"168",220163,2011,FALSE,FALSE,39,0,109273,11031
"169",220181,2011,TRUE,FALSE,122,1e+05,388707,19632
"170",220206,2011,TRUE,FALSE,54,49000,128018,13736
"171",220215,2011,TRUE,FALSE,384,979027,762226,16257
"172",220251,2011,FALSE,TRUE,323,329440,756677,10424
"173",220279,2011,FALSE,TRUE,323,248045,449173,6805
"174",220312,2011,TRUE,FALSE,79,141375,307876,14703
"175",220321,2011,FALSE,TRUE,445,15447,499119,9890
"176",220394,2011,FALSE,TRUE,105,203000,470245,4450
"177",220400,2011,FALSE,TRUE,985,1169407,2903635,9647
"178",220464,2011,FALSE,FALSE,17,31245,39050,19070
"179",220473,2011,TRUE,FALSE,156,147000,344151,13391
"180",220491,2011,FALSE,FALSE,27,0,71983,15011
"181",220516,2011,TRUE,FALSE,174,384875,334355,17077
"182",220552,2011,TRUE,FALSE,256,313470,861929,26196
"183",220598,2011,TRUE,FALSE,599,552750,3754818,8491
"184",220604,2011,TRUE,FALSE,183,137875,460422,11029
"185",220613,2011,TRUE,FALSE,870,1630443,1369393,12300
"186",220631,2011,TRUE,FALSE,312,1327595,958412,11480
"187",220640,2011,FALSE,TRUE,259,250904,594997,5726
"188",220701,2011,TRUE,FALSE,360,1052157,1190154,9911
"189",220710,2011,TRUE,FALSE,293,1358168,633205,15844
"190",220756,2011,FALSE,TRUE,175,322094,341650,10540
"191",220765,2011,FALSE,FALSE,463,10000,1229072,9900
"192",220808,2011,TRUE,FALSE,94,232006,326319,20203
"193",220853,2011,FALSE,TRUE,692,594200,2588050,6436
"194",220862,2011,TRUE,TRUE,2497,9644174,6602961,11237
"195",220978,2011,TRUE,TRUE,3466,14552670,7976462,8855
"196",221050,2011,FALSE,TRUE,427,528880,635416,8002
"197",221096,2011,FALSE,TRUE,994,1068253,2130434,8746
"198",221102,2011,FALSE,TRUE,497,478862,804589,10155
"199",221148,2011,FALSE,FALSE,922,18000,2540430,19688
"200",221157,2011,FALSE,FALSE,189,10000,605140,21758
"201",221184,2011,FALSE,TRUE,875,551228,2986401,6260
"202",221236,2011,FALSE,TRUE,306,497432,1238472,4325
"203",221254,2011,TRUE,FALSE,23,70300,29925,22375
"204",221281,2011,FALSE,TRUE,321,624892,1594316,7050
"205",221333,2011,FALSE,TRUE,236,259430,606004,9006
"206",221351,2011,TRUE,FALSE,545,759000,611850,27273
"207",221388,2011,FALSE,TRUE,174,4000,562063,8304
"208",221397,2011,FALSE,TRUE,1068,1759339,2945243,8280
"209",221430,2011,FALSE,TRUE,236,423240,870750,5221
"210",221485,2011,FALSE,TRUE,1844,820473,5570112,5571
"211",221494,2011,FALSE,TRUE,621,626650,595030,5956
"212",221519,2011,TRUE,FALSE,433,538000,394011,24172
"213",221582,2011,FALSE,TRUE,239,279215,742421,5935
"214",221591,2011,FALSE,TRUE,279,331298,1316613,9389
"215",221607,2011,FALSE,TRUE,115,122268,247038,8543
"216",221616,2011,FALSE,TRUE,474,803777,1786342,6074
"217",221625,2011,FALSE,TRUE,442,623503,1038399,4198
"218",221634,2011,FALSE,TRUE,243,391856,1090435,10410
"219",221643,2011,FALSE,TRUE,1771,2165673,4057538,10612
"220",221661,2011,TRUE,FALSE,638,496665,967287,19890
"221",221731,2011,TRUE,FALSE,206,745062,369005,11453
"222",221740,2011,TRUE,TRUE,2170,9048394,3310647,12390
"223",221759,2011,TRUE,TRUE,4175,17631969,5606038,15298
"224",221768,2011,TRUE,TRUE,1290,5606666,2970296,8897
"225",221795,2011,TRUE,FALSE,57,17000,115500,27703
"226",221829,2011,FALSE,FALSE,159,0,235820,9260
"227",221838,2011,TRUE,TRUE,1144,1860057,4536920,8264
"228",221847,2011,TRUE,TRUE,1951,8210222,3248409,13062
"229",221892,2011,TRUE,FALSE,262,554500,450542,18582
"230",221908,2011,FALSE,TRUE,967,1279174,2758664,7714
"231",221953,2011,TRUE,FALSE,298,784500,904703,17512
"232",221971,2011,TRUE,FALSE,470,1399131,815625,22514
"233",221999,2011,TRUE,FALSE,1600,941910,1114859,19667
"234",222026,2011,FALSE,FALSE,35,0,128812,8583
"235",222053,2011,FALSE,TRUE,1227,1415360,2834365,6638
"236",222062,2011,FALSE,TRUE,1356,2139023,3733640,4750
"237",222099,2011,FALSE,FALSE,312,40750,953366,10660
"238",222105,2011,FALSE,FALSE,28,0,34258,12250
"239",246202,2011,FALSE,FALSE,219,12945,803934,16848
"240",248660,2011,FALSE,FALSE,27,0,61575,11328
"241",248925,2011,FALSE,TRUE,647,970555,2431005,7332
"242",368443,2011,TRUE,FALSE,102,8871,369094,26130
"243",368452,2011,TRUE,FALSE,90,6000,108765,18440
"244",376631,2011,FALSE,FALSE,22,0,59575,11517
"245",376677,2011,FALSE,FALSE,80,0,372168,6982
"246",382771,2011,FALSE,FALSE,87,2000,280425,19285
"247",382780,2011,FALSE,FALSE,257,5300,774576,7416
"248",388043,2011,FALSE,FALSE,46,1333,235256,16503
"249",392798,2011,FALSE,FALSE,17,0,64946,8377
"250",392840,2011,TRUE,FALSE,73,76625,70227,26471
"251",404718,2011,FALSE,FALSE,80,0,189270,9554
"252",412599,2011,FALSE,FALSE,333,32280,1406358,22234
"253",416670,2011,FALSE,FALSE,110,0,397980,11382
"254",417789,2011,FALSE,FALSE,145,0,625725,10023
"255",418870,2011,FALSE,FALSE,65,2000,291916,21255
"256",418889,2011,FALSE,FALSE,97,29798,173026,22011
"257",428073,2011,FALSE,FALSE,20,0,99000,1543
"258",440873,2011,FALSE,FALSE,173,12000,925588,16747
"259",443340,2011,TRUE,FALSE,11,9200,22450,14975
"260",443359,2011,FALSE,FALSE,126,0,389392,17717
"261",443650,2011,FALSE,FALSE,60,4000,219691,19721
"262",443766,2011,TRUE,FALSE,2,0,2775,30661
"263",444255,2011,TRUE,FALSE,153,18001,589951,31215
"264",444468,2011,FALSE,FALSE,17,0,67194,9484
"265",445249,2011,FALSE,FALSE,149,31652,540923,23181
"266",446075,2011,FALSE,FALSE,18,0,65100,6176
"267",446525,2011,FALSE,FALSE,170,6667,370099,31186
"268",448150,2011,FALSE,FALSE,81,0,266298,8918
"269",448664,2011,FALSE,FALSE,116,6000,390950,19465
"270",449010,2011,TRUE,FALSE,247,254269,717399,25739
"271",449764,2011,TRUE,FALSE,21,0,46925,25084
"272",450289,2011,TRUE,FALSE,16,0,68365,15951
"273",450535,2011,TRUE,FALSE,16,0,67547,18908
"274",451529,2011,FALSE,FALSE,59,0,111537,11810
"275",451538,2011,FALSE,FALSE,74,0,403822,6291
"276",451918,2011,FALSE,FALSE,228,0,457634,14421
"277",452124,2011,FALSE,FALSE,85,17297,384705,22522
"278",455567,2011,FALSE,FALSE,77,2400,364556,15762
"279",456029,2011,FALSE,FALSE,72,0,160625,16593
"280",456940,2011,FALSE,FALSE,97,0,489502,17347
"281",458007,2011,FALSE,FALSE,65,0,163900,6618
"282",458803,2011,FALSE,FALSE,55,0,212656,11954
"283",458812,2011,FALSE,FALSE,40,0,84775,11724
"284",458821,2011,FALSE,FALSE,40,0,165800,11737
"285",459000,2011,FALSE,FALSE,61,0,255122,11614
"286",459073,2011,FALSE,FALSE,41,0,155933,11839
"287",219505,2012,TRUE,FALSE,16,1000,33500,23507
"288",219578,2012,TRUE,FALSE,18,66405,32425,20153
"289",219587,2012,FALSE,FALSE,59,0,140147,15630
"290",219596,2012,FALSE,TRUE,185,327442,590013,4959
"291",219602,2012,TRUE,TRUE,1182,4298313,3056096,10983
"292",219639,2012,TRUE,FALSE,66,361640,178321,8885
"293",219709,2012,TRUE,FALSE,1254,1527700,809684,30357
"294",219718,2012,TRUE,FALSE,725,1131791,2402104,17573
"295",219790,2012,TRUE,FALSE,195,540520,358908,15258
"296",219806,2012,TRUE,FALSE,453,1637976,1014844,14312
"297",219824,2012,FALSE,TRUE,1168,1101017,3392297,7902
"298",219833,2012,TRUE,FALSE,253,1055375,552389,11679
"299",219879,2012,FALSE,TRUE,687,1014767,1832448,5501
"300",219888,2012,FALSE,TRUE,833,1238399,1839703,6518
"301",219903,2012,FALSE,FALSE,1625,273571,6390396,19070
"302",219921,2012,FALSE,TRUE,108,214456,442517,6735
"303",219949,2012,TRUE,FALSE,212,781775,425579,17147
"304",219976,2012,TRUE,FALSE,670,1568203,712125,22243
"305",219994,2012,FALSE,TRUE,250,325309,466545,10247
"306",220002,2012,TRUE,FALSE,10,0,25755,25020
"307",220057,2012,FALSE,TRUE,570,654997,1721640,9430
"308",220075,2012,TRUE,TRUE,2038,6970606,4150371,15236
"309",220118,2012,FALSE,FALSE,58,11100,204500,19564
"310",220127,2012,FALSE,TRUE,755,599634,757334,10405
"311",220163,2012,FALSE,FALSE,22,0,35337,12909
"312",220181,2012,TRUE,FALSE,221,220500,704236,19460
"313",220206,2012,TRUE,FALSE,60,99500,133507,16252
"314",220215,2012,TRUE,FALSE,321,780875,496715,18966
"315",220251,2012,FALSE,TRUE,366,305252,688600,9416
"316",220279,2012,FALSE,TRUE,277,312603,461215,6553
"317",220312,2012,TRUE,FALSE,88,202195,280206,15123
"318",220321,2012,FALSE,TRUE,273,302469,718606,9735
"319",220394,2012,FALSE,TRUE,95,178000,427830,7032
"320",220400,2012,FALSE,TRUE,792,1151230,2339037,9107
"321",220464,2012,FALSE,FALSE,18,31884,53588,10382
"322",220473,2012,TRUE,FALSE,179,175000,356524,13417
"323",220491,2012,FALSE,FALSE,10,0,46125,13785
"324",220516,2012,TRUE,FALSE,226,503354,463184,18108
"325",220552,2012,TRUE,FALSE,198,366099,617506,26647
"326",220598,2012,TRUE,FALSE,324,353454,1568584,10823
"327",220604,2012,TRUE,FALSE,175,114275,460312,11709
"328",220613,2012,TRUE,FALSE,846,1833319,1351010,11773
"329",220631,2012,TRUE,FALSE,234,644009,670203,14576
"330",220640,2012,FALSE,TRUE,246,286002,641965,5271
"331",220701,2012,TRUE,FALSE,281,973500,963422,13451
"332",220710,2012,TRUE,FALSE,313,1429538,739554,15605
"333",220756,2012,FALSE,TRUE,124,408146,507446,9860
"334",220765,2012,FALSE,FALSE,462,7139,1522522,10530
"335",220808,2012,TRUE,FALSE,68,114000,152132,21260
"336",220853,2012,FALSE,TRUE,569,418569,1938000,6306
"337",220862,2012,TRUE,TRUE,2194,8702372,5040365,12060
"338",220978,2012,TRUE,TRUE,3068,12919107,7355121,9315
"339",221050,2012,FALSE,TRUE,393,691081,590825,9815
"340",221096,2012,FALSE,TRUE,811,954709,1606249,8012
"341",221102,2012,FALSE,TRUE,510,539772,886936,10450
"342",221148,2012,FALSE,FALSE,1165,19000,3799979,14086
"343",221157,2012,FALSE,FALSE,163,8000,633104,22257
"344",221184,2012,FALSE,TRUE,825,567002,2863278,6088
"345",221236,2012,FALSE,TRUE,200,426595,1050247,7834
"346",221254,2012,TRUE,FALSE,30,72875,61400,25638
"347",221281,2012,FALSE,TRUE,347,379392,1700146,7014
"348",221333,2012,FALSE,TRUE,238,274224,651078,9032
"349",221351,2012,TRUE,FALSE,554,761750,494010,27755
"350",221388,2012,FALSE,TRUE,188,236000,667288,6411
"351",221397,2012,FALSE,TRUE,916,1533618,2343974,8620
"352",221430,2012,FALSE,TRUE,259,392748,813600,6164
"353",221485,2012,FALSE,TRUE,1278,815976,4352873,5121
"354",221494,2012,FALSE,TRUE,464,584184,500116,6256
"355",221519,2012,TRUE,FALSE,453,527030,469476,25994
"356",221582,2012,FALSE,TRUE,168,173290,496469,6461
"357",221591,2012,FALSE,TRUE,232,423006,941155,10404
"358",221607,2012,FALSE,TRUE,118,141493,307234,9773
"359",221616,2012,FALSE,TRUE,541,1101000,2134497,8400
"360",221625,2012,FALSE,TRUE,491,677753,1170038,6538
"361",221634,2012,FALSE,TRUE,145,24000,653285,13506
"362",221643,2012,FALSE,TRUE,1728,2780213,4021879,8485
"363",221661,2012,TRUE,FALSE,557,399010,922210,20343
"364",221731,2012,TRUE,FALSE,218,864364,482812,11349
"365",221740,2012,TRUE,TRUE,2284,9697688,3334816,11569
"366",221759,2012,TRUE,TRUE,4197,18032316,5442476,16062
"367",221768,2012,TRUE,TRUE,1315,5792518,3124685,7531
"368",221795,2012,TRUE,FALSE,38,23375,118500,25922
"369",221829,2012,FALSE,FALSE,129,0,225170,9845
"370",221838,2012,TRUE,TRUE,1017,1708842,3850328,8038
"371",221847,2012,TRUE,TRUE,2046,8348449,3188374,12389
"372",221892,2012,TRUE,FALSE,234,559350,414496,16513
"373",221908,2012,FALSE,TRUE,951,1210192,2523876,6598
"374",221953,2012,TRUE,FALSE,331,812057,929349,17886
"375",221971,2012,TRUE,FALSE,422,1493988,719102,21944
"376",221999,2012,TRUE,FALSE,1608,772318,1091461,20551
"377",222026,2012,FALSE,FALSE,16,0,50466,9904
"378",222053,2012,FALSE,TRUE,1157,1513168,2475599,6629
"379",222062,2012,FALSE,TRUE,1320,2199973,3411345,4575
"380",222099,2012,FALSE,FALSE,231,27500,690501,12584
"381",222105,2012,FALSE,FALSE,24,0,42190,11256
"382",246202,2012,FALSE,FALSE,183,666,584504,22044
"383",248660,2012,FALSE,FALSE,5,0,16575,13464
"384",248925,2012,FALSE,TRUE,573,730652,1669342,7828
"385",368443,2012,TRUE,FALSE,17,0,57488,23823
"386",368452,2012,TRUE,FALSE,92,9000,160671,18810
"387",376631,2012,FALSE,FALSE,23,0,61425,10926
"388",376677,2012,FALSE,FALSE,30,0,77275,10050
"389",382771,2012,FALSE,FALSE,118,2001,387867,20832
"390",382780,2012,FALSE,FALSE,226,0,820654,7674
"391",388043,2012,FALSE,FALSE,33,5008,174967,20239
"392",392798,2012,FALSE,FALSE,17,0,57443,9194
"393",392840,2012,TRUE,FALSE,47,83750,121761,25317
"394",404718,2012,FALSE,FALSE,54,0,160900,11320
"395",412599,2012,FALSE,FALSE,285,28649,1192846,23445
"396",416670,2012,FALSE,FALSE,149,0,655928,11110
"397",417789,2012,FALSE,FALSE,163,0,603410,10594
"398",418870,2012,FALSE,FALSE,20,0,76294,22365
"399",418889,2012,FALSE,FALSE,87,7000,66023,17254
"400",428073,2012,FALSE,FALSE,18,0,88000,1618
"401",440873,2012,FALSE,FALSE,94,4498,487419,16440
"402",443340,2012,TRUE,FALSE,4,0,5650,14212
"403",443359,2012,FALSE,FALSE,151,0,409284,14316
"404",443650,2012,FALSE,FALSE,80,7500,310897,20740
"405",443766,2012,TRUE,FALSE,2,0,5675,29716
"406",444255,2012,TRUE,FALSE,14,0,56950,24510
"407",444468,2012,FALSE,FALSE,12,0,55500,8420
"408",445249,2012,FALSE,FALSE,110,7667,386103,26392
"409",446075,2012,FALSE,FALSE,15,0,66707,5964
"410",446525,2012,FALSE,FALSE,52,2000,162001,29372
"411",448150,2012,FALSE,FALSE,73,0,277825,9159
"412",448664,2012,FALSE,FALSE,107,7335,434443,20645
"413",449010,2012,TRUE,FALSE,238,268183,748273,25932
"414",449764,2012,TRUE,FALSE,22,17000,13800,29813
"415",450289,2012,TRUE,FALSE,53,667,169869,17615
"416",450535,2012,TRUE,FALSE,7,0,36382,19025
"417",451529,2012,FALSE,FALSE,23,0,66062,10555
"418",451538,2012,FALSE,FALSE,89,0,493950,7607
"419",451918,2012,FALSE,FALSE,110,0,262100,14267
"420",452124,2012,FALSE,FALSE,59,4973,283443,25187
"421",455567,2012,FALSE,FALSE,41,500,201574,16974
"422",456029,2012,FALSE,FALSE,46,0,142101,11209
"423",456940,2012,FALSE,FALSE,47,0,177687,19576
"424",458007,2012,FALSE,FALSE,78,0,255936,5810
"425",458803,2012,FALSE,FALSE,59,0,256751,11954
"426",458812,2012,FALSE,FALSE,25,0,44083,11921
"427",458821,2012,FALSE,FALSE,55,0,251321,12143
"428",459000,2012,FALSE,FALSE,45,0,177593,12039
"429",459073,2012,FALSE,FALSE,45,0,162800,12385
"430",219505,2013,TRUE,FALSE,15,2000,50527,13011
"431",219578,2013,TRUE,FALSE,34,80750,56441,20892
"432",219587,2013,FALSE,FALSE,45,0,149049,14777
"433",219596,2013,FALSE,TRUE,175,372858,594472,6008
"434",219602,2013,TRUE,TRUE,1237,4511451,3015287,11417
"435",219639,2013,TRUE,FALSE,88,504119,217878,9385
"436",219709,2013,TRUE,FALSE,1243,1464100,1007300,30581
"437",219718,2013,TRUE,FALSE,550,1092762,1661541,19267
"438",219790,2013,TRUE,FALSE,187,597326,431712,15680
"439",219806,2013,TRUE,FALSE,478,1890173,962409,14257
"440",219824,2013,FALSE,TRUE,1168,1128273,3322756,7797
"441",219833,2013,TRUE,FALSE,264,1079400,519691,15053
"442",219879,2013,FALSE,TRUE,689,1147818,1982464,4629
"443",219888,2013,FALSE,TRUE,781,1176008,1778536,6563
"444",219903,2013,FALSE,FALSE,1459,245585,5736657,17294
"445",219921,2013,FALSE,TRUE,101,187711,404088,8356
"446",219949,2013,TRUE,FALSE,212,731600,421666,18137
"447",219976,2013,TRUE,FALSE,683,1532650,703983,23176
"448",219994,2013,FALSE,TRUE,411,530349,836874,9631
"449",220002,2013,TRUE,FALSE,13,2000,51350,23655
"450",220057,2013,FALSE,TRUE,419,607736,1282650,6155
"451",220075,2013,TRUE,TRUE,1849,6432873,4078397,14708
"452",220118,2013,FALSE,FALSE,26,11583,74666,20978
"453",220127,2013,FALSE,TRUE,592,528952,1420005,10242
"454",220163,2013,FALSE,FALSE,32,0,90326,13885
"455",220181,2013,TRUE,FALSE,217,192500,615251,19831
"456",220206,2013,TRUE,FALSE,62,69500,179553,16446
"457",220215,2013,TRUE,FALSE,355,908517,577249,16851
"458",220251,2013,FALSE,TRUE,380,312900,813570,9987
"459",220279,2013,FALSE,TRUE,237,229700,358543,8342
"460",220312,2013,TRUE,FALSE,82,204561,249904,12198
"461",220321,2013,FALSE,TRUE,243,310329,898698,9547
"462",220394,2013,FALSE,TRUE,93,189000,473294,5267
"463",220400,2013,FALSE,TRUE,748,1022402,2247325,9033
"464",220464,2013,FALSE,FALSE,21,17925,36128,11529
"465",220473,2013,TRUE,FALSE,162,302146,381463,12546
"466",220491,2013,FALSE,FALSE,13,0,26048,14577
"467",220516,2013,TRUE,FALSE,241,430939,431495,16845
"468",220552,2013,TRUE,FALSE,183,335228,632537,27560
"469",220598,2013,TRUE,FALSE,405,366964,2198587,11527
"470",220604,2013,TRUE,FALSE,159,104561,443176,12914
"471",220613,2013,TRUE,FALSE,808,1713319,1200258,14084
"472",220631,2013,TRUE,FALSE,185,845279,477994,12484
"473",220640,2013,FALSE,TRUE,287,241042,625449,5108
"474",220701,2013,TRUE,FALSE,335,581500,584510,23196
"475",220710,2013,TRUE,FALSE,349,1300500,840405,16504
"476",220756,2013,FALSE,TRUE,96,96310,195372,7195
"477",220765,2013,FALSE,FALSE,390,0,1037117,12506
"478",220808,2013,TRUE,FALSE,111,292500,270985,19123
"479",220853,2013,FALSE,TRUE,824,1217000,2919130,6603
"480",220862,2013,TRUE,TRUE,2088,8433774,5162576,12369
"481",220978,2013,TRUE,TRUE,3129,13268201,7724443,10910
"482",221050,2013,FALSE,TRUE,396,634938,735620,8656
"483",221096,2013,FALSE,TRUE,925,1072126,1869358,8249
"484",221102,2013,FALSE,TRUE,493,393694,733342,10628
"485",221148,2013,FALSE,FALSE,581,33000,1900819,17505
"486",221157,2013,FALSE,FALSE,156,17000,733186,19871
"487",221184,2013,FALSE,TRUE,844,631070,3049961,7898
"488",221236,2013,FALSE,TRUE,237,451813,1172458,4456
"489",221254,2013,TRUE,FALSE,26,70500,45750,24571
"490",221281,2013,FALSE,TRUE,257,493475,1260211,6768
"491",221333,2013,FALSE,TRUE,237,242797,637607,7110
"492",221351,2013,TRUE,FALSE,545,666500,456698,28615
"493",221388,2013,FALSE,TRUE,162,247000,526697,7291
"494",221397,2013,FALSE,TRUE,886,1400711,2153055,8848
"495",221430,2013,FALSE,TRUE,284,385905,794056,6533
"496",221485,2013,FALSE,TRUE,1394,957043,4374025,5126
"497",221494,2013,FALSE,TRUE,440,554975,475111,6349
"498",221519,2013,TRUE,FALSE,488,451325,497490,25414
"499",221582,2013,FALSE,TRUE,179,294000,576043,6598
"500",221591,2013,FALSE,TRUE,235,363618,1028864,9610
"501",221607,2013,FALSE,TRUE,101,134225,243038,9653
"502",221616,2013,FALSE,TRUE,383,712000,1376600,8504
"503",221625,2013,FALSE,TRUE,539,547666,1463465,5749
"504",221634,2013,FALSE,TRUE,174,34401,844993,6564
"505",221643,2013,FALSE,TRUE,1900,3242275,4355246,7196
"506",221661,2013,TRUE,FALSE,480,317625,847369,21110
"507",221731,2013,TRUE,FALSE,208,729068,386268,11182
"508",221740,2013,TRUE,TRUE,2335,9973596,3453489,12267
"509",221759,2013,TRUE,TRUE,4261,17495520,5391836,17863
"510",221768,2013,TRUE,TRUE,1301,5552683,3056352,8512
"511",221795,2013,TRUE,FALSE,46,10000,155005,25179
"512",221829,2013,FALSE,FALSE,109,0,265610,10469
"513",221838,2013,TRUE,TRUE,1326,2210407,4946261,8888
"514",221847,2013,TRUE,TRUE,2161,9235239,3497407,13677
"515",221892,2013,TRUE,FALSE,245,575650,398382,17487
"516",221908,2013,FALSE,TRUE,896,1306300,2550995,6407
"517",221953,2013,TRUE,FALSE,315,852900,839183,17707
"518",221971,2013,TRUE,FALSE,472,1769589,687107,26286
"519",221999,2013,TRUE,FALSE,1613,807523,1128326,22173
"520",222026,2013,FALSE,FALSE,16,0,51716,9476
"521",222053,2013,FALSE,TRUE,1142,1393857,2434392,6841
"522",222062,2013,FALSE,TRUE,1196,2127258,3185964,4412
"523",222099,2013,FALSE,FALSE,158,25365,514381,12771
"524",222105,2013,FALSE,FALSE,31,0,52601,10140
"525",246202,2013,FALSE,FALSE,183,0,585254,22722
"526",248660,2013,FALSE,FALSE,12,0,38742,13466
"527",248925,2013,FALSE,TRUE,666,747805,1940689,7467
"528",368443,2013,TRUE,FALSE,45,0,151880,23842
"529",368452,2013,TRUE,FALSE,83,4000,104365,20170
"530",376631,2013,FALSE,FALSE,27,0,92160,12115
"531",376677,2013,FALSE,FALSE,37,0,129327,9726
"532",382771,2013,FALSE,FALSE,99,4000,388566,19740
"533",382780,2013,FALSE,FALSE,170,0,432015,8779
"534",388043,2013,FALSE,FALSE,43,0,209854,18363
"535",392798,2013,FALSE,FALSE,6,0,20403,9164
"536",392840,2013,TRUE,FALSE,53,62000,76417,28807
"537",404718,2013,FALSE,FALSE,51,0,120590,10330
"538",412599,2013,TRUE,FALSE,268,30204,1153398,21530
"539",416670,2013,FALSE,FALSE,161,0,449650,10995
"540",417789,2013,FALSE,FALSE,135,2000,439250,10565
"541",418870,2013,FALSE,FALSE,39,36410,206170,20029
"542",418889,2013,FALSE,FALSE,81,13556,101621,20800
"543",428073,2013,FALSE,FALSE,19,0,95965,1473
"544",440873,2013,FALSE,FALSE,73,2667,390418,17718
"545",443340,2013,TRUE,FALSE,8,0,24558,12833
"546",443359,2013,FALSE,FALSE,146,0,379470,14487
"547",443650,2013,FALSE,FALSE,72,2667,298948,21069
"548",443766,2013,TRUE,FALSE,4,0,5545,29291
"549",444255,2013,TRUE,FALSE,21,2001,59314,24498
"550",444468,2013,FALSE,FALSE,16,2784,64564,5466
"551",445249,2013,FALSE,FALSE,82,19667,353753,22269
"552",446075,2013,FALSE,FALSE,8,0,33694,6395
"553",446525,2013,FALSE,FALSE,39,0,66836,31908
"554",448150,2013,FALSE,FALSE,54,0,198632,12990
"555",448664,2013,FALSE,FALSE,100,667,383390,20857
"556",449010,2013,TRUE,FALSE,293,369284,1010936,24429
"557",449764,2013,TRUE,FALSE,31,0,55320,28720
"558",450289,2013,FALSE,FALSE,69,1332,289963,18101
"559",450535,2013,TRUE,FALSE,7,0,23525,16592
"560",451529,2013,FALSE,FALSE,13,0,30813,10107
"561",451538,2013,FALSE,FALSE,93,0,524985,4765
"562",451918,2013,FALSE,FALSE,50,0,133124,18546
"563",452124,2013,FALSE,FALSE,67,9875,290494,25595
"564",455567,2013,FALSE,FALSE,46,0,187094,19421
"565",456029,2013,FALSE,FALSE,34,0,74134,10113
"566",456940,2013,FALSE,FALSE,43,0,162008,20606
"567",458007,2013,FALSE,FALSE,54,0,170783,7536
"568",458803,2013,FALSE,FALSE,40,0,172475,11929
"569",458812,2013,FALSE,FALSE,20,0,70957,11814
"570",458821,2013,FALSE,FALSE,52,0,248864,11964
"571",459000,2013,FALSE,FALSE,53,0,224685,12888
"572",459073,2013,FALSE,FALSE,42,0,169449,12686
"573",219505,2014,TRUE,FALSE,11,19000,62508,13273
"574",219578,2014,TRUE,FALSE,29,41900,65177,17117
"575",219587,2014,FALSE,FALSE,41,0,116857,15014
"576",219596,2014,FALSE,TRUE,170,327603,460857,3360
"577",219602,2014,TRUE,TRUE,1184,4136736,2751898,12081
"578",219639,2014,TRUE,FALSE,70,392813,170274,9096
"579",219709,2014,TRUE,FALSE,1392,1644250,1239036,32672
"580",219718,2014,TRUE,FALSE,490,1183030,1268578,17662
"581",219790,2014,TRUE,FALSE,188,536437,375478,16153
"582",219806,2014,TRUE,FALSE,488,1671523,988163,16662
"583",219824,2014,FALSE,TRUE,1163,1182180,3297212,7638
"584",219833,2014,TRUE,FALSE,351,1322774,727465,15556
"585",219879,2014,FALSE,TRUE,708,1220159,1811357,4797
"586",219888,2014,FALSE,TRUE,731,1197958,1594231,6465
"587",219903,2014,FALSE,FALSE,1427,240133,5609303,17948
"588",219921,2014,FALSE,TRUE,117,220800,461594,8942
"589",219949,2014,TRUE,FALSE,178,641699,293500,17118
"590",219976,2014,TRUE,FALSE,626,1435337,575314,24222
"591",219994,2014,FALSE,TRUE,389,452477,712577,10071
"592",220002,2014,TRUE,FALSE,4,5250,9645,22700
"593",220057,2014,FALSE,TRUE,390,577142,1266561,5855
"594",220075,2014,TRUE,TRUE,2025,7182563,4407741,14646
"595",220118,2014,FALSE,FALSE,81,27510,233358,22723
"596",220127,2014,FALSE,TRUE,666,711157,1552537,10517
"597",220163,2014,FALSE,FALSE,19,0,44003,12592
"598",220181,2014,TRUE,FALSE,221,153047,649257,20719
"599",220206,2014,TRUE,FALSE,51,32100,119460,20463
"600",220215,2014,TRUE,FALSE,340,659734,504746,16754
"601",220251,2014,FALSE,TRUE,301,295858,639052,10224
"602",220279,2014,FALSE,TRUE,296,286304,463644,8873
"603",220312,2014,TRUE,FALSE,83,220200,319429,10141
"604",220321,2014,FALSE,TRUE,398,528067,1314323,10437
"605",220394,2014,FALSE,TRUE,70,131240,362264,7630
"606",220400,2014,FALSE,TRUE,783,1279609,2347677,8987
"607",220464,2014,FALSE,FALSE,11,32480,25730,12229
"608",220473,2014,TRUE,FALSE,187,205426,355043,15458
"609",220491,2014,FALSE,FALSE,3,0,11460,13694
"610",220516,2014,TRUE,FALSE,188,303625,386283,18504
"611",220552,2014,TRUE,FALSE,147,233195,626771,26837
"612",220598,2014,TRUE,FALSE,312,286890,1857073,11659
"613",220604,2014,TRUE,FALSE,145,180616,824538,9114
"614",220613,2014,TRUE,FALSE,746,1473025,1070572,18139
"615",220631,2014,TRUE,FALSE,250,663860,718273,15791
"616",220640,2014,FALSE,TRUE,259,206540,553167,4726
"617",220701,2014,TRUE,FALSE,447,657300,631099,23560
"618",220710,2014,TRUE,FALSE,334,1071650,1014056,16860
"619",220756,2014,FALSE,TRUE,110,127712,263438,7200
"620",220765,2014,FALSE,FALSE,262,0,640844,11590
"621",220808,2014,TRUE,FALSE,102,260250,337997,20714
"622",220853,2014,FALSE,TRUE,969,1281655,2511120,6117
"623",220862,2014,TRUE,TRUE,2317,9127475,5822234,13154
"624",220978,2014,TRUE,TRUE,3036,13079708,7230154,11000
"625",221050,2014,FALSE,TRUE,450,696030,827500,10262
"626",221096,2014,FALSE,TRUE,916,1426147,1895491,8307
"627",221102,2014,FALSE,TRUE,446,341143,627986,10704
"628",221148,2014,FALSE,FALSE,439,9000,1332481,18779
"629",221157,2014,FALSE,FALSE,148,4000,702877,20029
"630",221184,2014,FALSE,TRUE,1043,1013715,4087548,4776
"631",221236,2014,FALSE,TRUE,293,625713,1398052,7908
"632",221254,2014,TRUE,FALSE,21,64000,54550,20759
"633",221281,2014,FALSE,TRUE,276,543152,1365739,7519
"634",221333,2014,FALSE,TRUE,235,310423,510572,7471
"635",221351,2014,TRUE,FALSE,507,547700,467550,29659
"636",221388,2014,FALSE,TRUE,130,179008,639459,7063
"637",221397,2014,FALSE,TRUE,854,1400145,1949438,9150
"638",221430,2014,FALSE,TRUE,245,348800,820400,6926
"639",221485,2014,FALSE,TRUE,1430,1162576,4711013,4375
"640",221494,2014,FALSE,TRUE,390,424800,513469,5901
"641",221519,2014,TRUE,FALSE,466,502850,464382,29239
"642",221582,2014,FALSE,TRUE,149,193932,489336,8317
"643",221591,2014,FALSE,TRUE,180,265055,790492,9700
"644",221607,2014,FALSE,TRUE,93,168169,253429,8928
"645",221616,2014,FALSE,TRUE,534,938000,1520340,7845
"646",221625,2014,FALSE,TRUE,641,453947,2026788,4877
"647",221634,2014,FALSE,TRUE,223,48000,1018239,5398
"648",221643,2014,FALSE,TRUE,1966,3617389,4392283,7235
"649",221661,2014,TRUE,FALSE,553,418875,866186,20614
"650",221731,2014,TRUE,FALSE,197,804812,471670,10754
"651",221740,2014,TRUE,TRUE,2144,8882611,3317186,13224
"652",221759,2014,TRUE,TRUE,4689,18351723,6119630,19960
"653",221768,2014,TRUE,TRUE,1174,5218225,2748891,8288
"654",221795,2014,TRUE,FALSE,80,34000,236990,19325
"655",221829,2014,FALSE,FALSE,130,0,309192,10987
"656",221838,2014,TRUE,TRUE,1378,2140615,4965593,9604
"657",221847,2014,TRUE,TRUE,1875,8204516,3031680,14518
"658",221892,2014,TRUE,FALSE,318,717213,588400,17156
"659",221908,2014,FALSE,TRUE,1060,1554122,2832025,6401
"660",221953,2014,TRUE,FALSE,298,775365,900471,18385
"661",221971,2014,TRUE,FALSE,328,989003,508722,25166
"662",221999,2014,TRUE,FALSE,1604,697694,1054135,22937
"663",222026,2014,FALSE,FALSE,10,0,38500,10190
"664",222053,2014,FALSE,TRUE,1164,1569965,2477043,7053
"665",222062,2014,FALSE,TRUE,1238,2197221,3011528,4829
"666",222099,2014,FALSE,FALSE,136,23000,482662,10129
"667",222105,2014,FALSE,FALSE,40,6003,80025,11499
"668",246202,2014,FALSE,FALSE,208,12552,523635,24013
"669",248660,2014,FALSE,FALSE,62,0,240312,14612
"670",248925,2014,FALSE,TRUE,668,740092,1541611,9277
"671",368443,2014,TRUE,FALSE,29,0,115513,23372
"672",368452,2014,TRUE,FALSE,81,6750,108249,22526
"673",376631,2014,FALSE,FALSE,28,0,92711,12750
"674",376677,2014,FALSE,FALSE,30,0,59615,10712
"675",382771,2014,FALSE,FALSE,110,7667,459511,19161
"676",382780,2014,FALSE,FALSE,122,0,239415,9024
"677",388043,2014,FALSE,FALSE,10,0,44985,19500
"678",392798,2014,FALSE,FALSE,3,0,3850,10415
"679",392840,2014,TRUE,FALSE,49,73700,64874,28632
"680",404718,2014,FALSE,FALSE,42,0,88218,12771
"681",412599,2014,TRUE,FALSE,251,10155,1064942,20353
"682",416670,2014,FALSE,FALSE,146,0,512698,12140
"683",417789,2014,FALSE,FALSE,109,0,377131,11960
"684",418870,2014,FALSE,FALSE,34,0,153840,22009
"685",418889,2014,FALSE,FALSE,42,29424,92905,19704
"686",428073,2014,FALSE,FALSE,20,0,90320,1473
"687",440873,2014,FALSE,FALSE,89,0,463899,18081
"688",443340,2014,TRUE,FALSE,4,0,6580,14008
"689",443359,2014,FALSE,FALSE,132,0,376500,14280
"690",443650,2014,FALSE,FALSE,77,2000,344557,20244
"691",443766,2014,TRUE,FALSE,9,0,20244,25495
"692",444255,2014,TRUE,FALSE,10,10257,38638,22729
"693",444468,2014,FALSE,FALSE,7,0,19280,10698
"694",445249,2014,FALSE,FALSE,139,20298,500898,23079
"695",446075,2014,FALSE,FALSE,11,0,45670,6235
"696",446525,2014,FALSE,FALSE,64,4000,162887,26890
"697",448150,2014,FALSE,FALSE,45,0,198600,12877
"698",448664,2014,FALSE,FALSE,94,4000,380383,19966
"699",449010,2014,TRUE,FALSE,190,223266,713648,23214
"700",449764,2014,TRUE,FALSE,17,0,32392,23013
"701",450289,2014,FALSE,FALSE,64,0,273369,18364
"702",450535,2014,TRUE,FALSE,7,3600,36752,18594
"703",451529,2014,FALSE,FALSE,11,0,49840,7252
"704",451538,2014,FALSE,FALSE,255,0,1343510,8105
"705",451918,2014,FALSE,FALSE,36,0,155560,15606
"706",452124,2014,FALSE,FALSE,68,11815,246284,25486
"707",455567,2014,FALSE,FALSE,44,11600,154151,18812
"708",456029,2014,FALSE,FALSE,52,0,173220,13095
"709",456940,2014,FALSE,FALSE,68,0,343231,19813
"710",458007,2014,FALSE,FALSE,62,0,251086,6580
"711",458803,2014,FALSE,FALSE,42,2000,155810,13023
"712",458812,2014,FALSE,FALSE,21,2000,60040,12609
"713",458821,2014,FALSE,FALSE,44,0,175712,12635
"714",459000,2014,FALSE,FALSE,51,1000,234600,11995
"715",459073,2014,FALSE,FALSE,42,0,160355,12709
"716",219505,2015,TRUE,FALSE,13,5000,71002,17655
"717",219578,2015,TRUE,FALSE,29,32000,37713,18708
"718",219587,2015,FALSE,FALSE,44,0,104208,16318
"719",219596,2015,FALSE,TRUE,232,438266,505470,3717
"720",219602,2015,TRUE,TRUE,1281,4378705,3399728,12688
"721",219639,2015,TRUE,FALSE,60,284139,163776,9626
"722",219709,2015,TRUE,FALSE,1387,1340650,1037929,34678
"723",219718,2015,TRUE,FALSE,491,1356747,1493719,14583
"724",219790,2015,TRUE,FALSE,164,453512,298533,16431
"725",219806,2015,TRUE,FALSE,497,1657728,970397,18110
"726",219824,2015,FALSE,TRUE,1830,3788747,4320225,6971
"727",219833,2015,TRUE,FALSE,311,1092700,563199,16660
"728",219879,2015,FALSE,TRUE,768,1905578,1906723,4481
"729",219888,2015,FALSE,TRUE,1246,2297061,2435169,6806
"730",219903,2015,FALSE,FALSE,1529,257278,6009807,18174
"731",219921,2015,FALSE,TRUE,136,251856,378287,4948
"732",219949,2015,TRUE,FALSE,200,771505,356037,20753
"733",219976,2015,TRUE,FALSE,662,1301313,690469,23426
"734",219994,2015,FALSE,TRUE,418,687108,822972,9423
"735",220002,2015,TRUE,FALSE,37,2667,180625,22309
"736",220057,2015,FALSE,TRUE,528,1307646,1389111,6018
"737",220075,2015,TRUE,TRUE,1980,6293273,4307795,14915
"738",220118,2015,FALSE,FALSE,50,36666,180655,24803
"739",220127,2015,FALSE,TRUE,733,779075,1634894,8963
"740",220163,2015,FALSE,FALSE,24,0,66795,14153
"741",220181,2015,TRUE,FALSE,208,138812,606819,17980
"742",220206,2015,TRUE,FALSE,44,56182,98835,20236
"743",220215,2015,TRUE,FALSE,292,705308,502873,16492
"744",220251,2015,FALSE,TRUE,293,400364,590397,9439
"745",220279,2015,FALSE,TRUE,312,445423,450858,5938
"746",220312,2015,TRUE,FALSE,91,214259,254768,14466
"747",220321,2015,FALSE,TRUE,403,538679,1034170,12308
"748",220394,2015,FALSE,TRUE,109,188363,313022,6888
"749",220400,2015,FALSE,TRUE,1039,2792333,2932235,7383
"750",220464,2015,FALSE,FALSE,15,66616,34195,5831
"751",220473,2015,TRUE,FALSE,174,187481,281897,16368
"752",220491,2015,FALSE,FALSE,10,0,42788,13193
"753",220516,2015,TRUE,FALSE,154,227750,352458,18918
"754",220552,2015,TRUE,FALSE,204,573178,585470,25885
"755",220598,2015,TRUE,FALSE,444,813500,2144523,11911
"756",220604,2015,TRUE,FALSE,183,325426,1013698,8587
"757",220613,2015,TRUE,FALSE,826,1659417,1355031,16789
"758",220631,2015,TRUE,FALSE,243,650582,692563,16276
"759",220640,2015,FALSE,TRUE,329,423202,724803,5532
"760",220701,2015,TRUE,FALSE,275,462076,430701,24450
"761",220710,2015,TRUE,FALSE,338,950150,829890,15542
"762",220756,2015,FALSE,TRUE,103,179811,266002,3159
"763",220765,2015,FALSE,FALSE,192,0,766648,11664
"764",220808,2015,TRUE,FALSE,80,222875,290105,22689
"765",220853,2015,FALSE,TRUE,1277,2023437,3222751,7059
"766",220862,2015,TRUE,TRUE,2053,7201094,4932993,13291
"767",220978,2015,TRUE,TRUE,2793,10760797,6932487,11744
"768",221050,2015,FALSE,TRUE,473,783000,921375,10285
"769",221096,2015,FALSE,TRUE,1796,5189647,3693729,7611
"770",221102,2015,FALSE,TRUE,424,670699,784944,10308
"771",221148,2015,FALSE,FALSE,429,6000,1121178,19388
"772",221157,2015,FALSE,FALSE,138,10000,580211,19788
"773",221184,2015,FALSE,TRUE,1798,3659611,5646010,3400
"774",221236,2015,FALSE,TRUE,416,558791,1007557,8587
"775",221254,2015,TRUE,FALSE,33,82900,95521,21288
"776",221281,2015,FALSE,TRUE,256,552181,1085552,6074
"777",221333,2015,FALSE,TRUE,269,465240,661648,6912
"778",221351,2015,TRUE,FALSE,562,626500,422728,29839
"779",221388,2015,FALSE,TRUE,106,192000,522525,5902
"780",221397,2015,FALSE,TRUE,1105,3310663,2963133,7849
"781",221430,2015,FALSE,TRUE,290,327599,936986,7180
"782",221485,2015,FALSE,TRUE,2167,3451105,6555367,3927
"783",221494,2015,FALSE,TRUE,509,615826,971155,10471
"784",221519,2015,TRUE,FALSE,469,444900,389301,30726
"785",221582,2015,FALSE,TRUE,142,39123,490746,7202
"786",221591,2015,FALSE,TRUE,259,644518,1000728,9929
"787",221607,2015,FALSE,TRUE,93,138873,206999,10272
"788",221616,2015,FALSE,TRUE,550,1067618,2029764,7986
"789",221625,2015,FALSE,TRUE,536,904003,1868813,8379
"790",221634,2015,FALSE,TRUE,181,388047,799694,7960
"791",221643,2015,FALSE,TRUE,2324,6133810,4603501,6787
"792",221661,2015,TRUE,FALSE,535,355882,790807,21540
"793",221731,2015,TRUE,FALSE,212,702610,431673,12329
"794",221740,2015,TRUE,TRUE,1853,6883309,2550079,14559
"795",221759,2015,TRUE,TRUE,4700,16607534,5911288,20780
"796",221768,2015,TRUE,TRUE,1010,3885595,2189123,10430
"797",221795,2015,TRUE,FALSE,55,40150,171020,20601
"798",221829,2015,FALSE,FALSE,154,0,301743,11716
"799",221838,2015,TRUE,TRUE,1397,2018897,5474711,9614
"800",221847,2015,TRUE,TRUE,1577,6423914,2567097,14688
"801",221892,2015,TRUE,FALSE,354,715728,585590,17898
"802",221908,2015,FALSE,TRUE,1433,3804720,3473256,5119
"803",221953,2015,TRUE,FALSE,283,723785,836571,16223
"804",221971,2015,TRUE,FALSE,338,1034686,532808,25759
"805",221999,2015,TRUE,FALSE,1607,732032,1239053,23150
"806",222026,2015,FALSE,FALSE,8,0,22582,10327
"807",222053,2015,FALSE,TRUE,2125,3907027,4470220,6005
"808",222062,2015,FALSE,TRUE,1545,4098194,3864366,4192
"809",222099,2015,FALSE,FALSE,175,39500,680077,9415
"810",222105,2015,FALSE,FALSE,34,5602,114419,10008
"811",246202,2015,FALSE,FALSE,483,56329,1691658,21076
"812",248660,2015,FALSE,FALSE,26,0,108752,15937
"813",248925,2015,FALSE,TRUE,775,1114713,1808616,9433
"814",368443,2015,TRUE,FALSE,35,3001,65749,25973
"815",368452,2015,TRUE,FALSE,62,11000,117461,22339
"816",376631,2015,FALSE,FALSE,18,0,46151,14554
"817",376677,2015,FALSE,FALSE,21,0,40276,8610
"818",382771,2015,FALSE,FALSE,79,5334,329966,20312
"819",382780,2015,FALSE,FALSE,147,0,355812,10746
"820",388043,2015,FALSE,FALSE,25,0,141636,17868
"821",392798,2015,FALSE,FALSE,3,0,6738,10791
"822",392840,2015,TRUE,FALSE,43,77555,59161,28067
"823",404718,2015,FALSE,FALSE,17,0,47607,13322
"824",412599,2015,TRUE,FALSE,175,708,585751,19333
"825",416670,2015,FALSE,FALSE,90,0,194631,12701
"826",417789,2015,FALSE,FALSE,75,0,178432,12175
"827",418870,2015,FALSE,FALSE,49,38525,226700,23002
"828",418889,2015,FALSE,FALSE,22,7500,41215,17934
"829",428073,2015,FALSE,FALSE,19,0,84675,1473
"830",440873,2015,FALSE,FALSE,98,2000,513425,18235
"831",443340,2015,TRUE,FALSE,2,0,0,18647
"832",443359,2015,FALSE,FALSE,67,0,182500,11697
"833",443650,2015,FALSE,FALSE,62,5334,310580,21599
"834",443766,2015,TRUE,FALSE,13,0,39251,25183
"835",444255,2015,TRUE,FALSE,42,2332,175737,23182
"836",444468,2015,FALSE,FALSE,9,0,20410,10173
"837",445249,2015,FALSE,FALSE,61,0,212202,23910
"838",446075,2015,FALSE,FALSE,4,0,14214,7541
"839",446525,2015,FALSE,FALSE,61,25000,205000,28950
"840",448150,2015,FALSE,FALSE,47,0,167665,11058
"841",448664,2015,FALSE,FALSE,63,0,235705,20807
"842",449010,2015,TRUE,FALSE,209,239939,701982,22224
"843",449764,2015,TRUE,FALSE,17,0,40850,22520
"844",450289,2015,FALSE,FALSE,38,0,172516,17173
"845",450535,2015,TRUE,FALSE,2,0,7219,21318
"846",451529,2015,FALSE,FALSE,22,0,101285,7833
"847",451538,2015,FALSE,FALSE,114,0,569250,9208
"848",451918,2015,FALSE,FALSE,28,0,94434,16896
"849",452124,2015,FALSE,FALSE,45,4534,216786,26329
"850",455567,2015,FALSE,FALSE,52,867,233343,19035
"851",456029,2015,FALSE,FALSE,38,0,107851,12562
"852",456940,2015,FALSE,FALSE,60,0,274775,20770
"853",458007,2015,FALSE,FALSE,104,0,211835,8126
"854",458803,2015,FALSE,FALSE,43,0,205183,12053
"855",458812,2015,FALSE,FALSE,15,0,36223,12656
"856",458821,2015,FALSE,FALSE,28,0,122191,11950
"857",459000,2015,FALSE,FALSE,39,1000,180802,12495
"858",459073,2015,FALSE,FALSE,35,0,148893,12572
